id;login;repos_url;description
1;Hormigon Paraguay CFP;Adaptativo quantifying quantifying;firewall
2;revolutionize;Azul fidelidad Paradigma;complejidad
3;Reducido payment;capacitor matrix Granada;Euro Representante
4;deposit;fritas Galicia;Papelería application
5;Regional Verde alianza;Savings Queso;Account Azul scale
6;Pizza monetize;Guapo Rústico;virtual Verde
7;Bacon neural action-items;deposit Zapatos;Diverso Planificador desafío
8;backing;wireless Silla;connect orientado
9;withdrawal;de applications;back Plástico
10;Amarillo Factores;copy Edificio Plástico;Ecuador Acero Parcela
